NGO,Emergency Shelter & Housing,Water & Sanitation Recovery,Emergency Food Distribution,Emergency Logistics & Transportation,Search Rescue & Evacuation,Emergency Health Response,Immediate Cash Assistance,Emergency Communications,Psychosocial First Aid,Critical Infrastructure Restoration,Agricultural Recovery
Red Cross,1,1,1,1,1,1,0,1,1,0,0
World Vision,1,1,1,0,0,1,1,0,1,0,1
CARE Nepal,1,1,1,0,0,0,1,0,0,0,1
UNICEF,0,1,1,1,0,1,0,1,1,0,0
Oxfam,1,1,1,1,0,0,1,0,0,1,1
Save the Children,1,0,1,0,0,1,0,0,1,0,0
Habitat for Humanity,1,0,0,0,0,0,0,0,0,1,1
WFP,0,0,1,1,0,0,1,1,0,0,0
FAO,0,0,0,0,0,0,0,0,0,0,1
